<?xml version="1.0"?>
<doc>
    <assembly>
        <name>Oasp4NetCore.Business.Controller</name>
    </assembly>
    <members>
        <member name="M:Oasp4NetCore.Business.Controller.Controllers.BookingController.BookingBooking(Oasp4Net.Business.CoreViews.Views.Booking.BookingView)">
            <summary>
            Method to make a reservation with potentiel guests. The method returns the reservation token with the format: {(CB_|GB_)}{now.Year}{now.Month:00}{now.Day:00}{_}{MD5({Host/Guest-email}{now.Year}{now.Month:00}{now.Day:00}{now.Hour:00}{now.Minute:00}{now.Second:00})}
            </summary>
            <param name="bookingView"></param>
            <response code="201">Ok.</response>
            <response code="400">Bad request. Parser data error.</response>
            <response code="401">Unathorized. Autentication fail</response>
            <response code="403">Forbidden. Authorization error.</response>
            <response code="500">Internal Server Error. The search process ended with error.</response>
        </member>
        <member name="M:Oasp4NetCore.Business.Controller.Controllers.BookingController.BookingSearch(Oasp4Net.Business.CoreViews.Views.Booking.BookingSearchView)">
            <summary>
            Method to get reservations
            </summary>
            <response code="201">Ok.</response>
            <response code="400">Bad request. Parser data error.</response>
            <response code="401">Unathorized. Autentication fail</response>
            <response code="403">Forbidden. Authorization error.</response>
            <response code="500">Internal Server Error. The search process ended with error.</response>
        </member>
        <member name="M:Oasp4NetCore.Business.Controller.Controllers.DishController.Search(Oasp4Net.Business.CoreViews.Views.Dish.FilterViewSearchObject)">
            <summary>
            Gets the  list of available dishes regarding the filter options
            </summary>
            <param name="filterView">Contains the criteria values to perform the search. Case of null or empty values will return the full set of dishes.</param>
            <returns></returns>
            <response code="200"> Ok. The search process has beencompleted with no error.</response>
            <response code="401">Unathorized. Autentication fail</response>  
            <response code="403">Forbidden. Authorization error.</response>    
            <response code="500">Internal Server Error. The search process ended with error.</response>       
        </member>
        <member name="M:Oasp4NetCore.Business.Controller.Controllers.LoginController.Login(Oasp4Net.Business.CoreViews.Views.Login.LoginView)">
            <summary>
            Gets the  list of available dishes regarding the filter options
            </summary>
            <param name="loginView"></param>
            <returns></returns>
            <response code="200"> Ok. </response>
            <response code="401">Unathorized. Autentication fail</response>  
            <response code="403">Forbidden. Authorization error.</response>    
            <response code="500">Internal Server Error. The search process ended with error.</response>       
        </member>
        <member name="M:Oasp4NetCore.Business.Controller.Controllers.OrderController.OrderFilter(Oasp4Net.Business.CoreViews.Views.Booking.BookingSearchView)">
            <summary>
            Gets the  list of available orders regarding the filter options
            </summary>
            <param name="orderFilterView">Contains the filter values to perform the search. Case of null or empty values will return the full set of orders.</param>
            <response code="200">Ok. The search process has beencompleted with no error.</response>
            <response code="401">Unathorized. Autentication fail</response>
            <response code="403">Forbidden. Authorization error.</response>
            <response code="500">Internal Server Error. The search process ended with error.</response>
        </member>
        <member name="M:Oasp4NetCore.Business.Controller.Controllers.OrderController.OrderOrder(Oasp4Net.Business.CoreViews.Views.Order.OrderView)">
            <summary>
            Order the order. Given an order view, the server side will prepare the different order lines.
            </summary>
            <param name="orderView">The model of the ordert to be processed on the server side. The InvitationToken field is mandatory.</param>
            <response code="201">Ok. Created. Returns the created order reference</response>
            <response code="400">Bad Request. No Invitation token given.</response>
            <response code="401">Unathorized. Autentication fail</response>
            <response code="403">Forbidden. Authorization error.</response>
            <response code="500">Internal Server Error. The search process ended with error.</response>
        </member>
        <member name="M:Oasp4NetCore.Business.Controller.Controllers.OrderController.OrderSearch(Oasp4Net.Business.CoreViews.Views.Booking.BookingSearchView)">
            <summary>
            Gets the  list of available orders regarding the search criteria options
            </summary>
            <param name="orderSearchCriteriaView">Contains the criteria values to perform the search. Case of null or empty values will return the full set of orders.</param>
            <response code="200">Ok. The search process has beencompleted with no error.</response>
            <response code="401">Unathorized. Autentication fail</response>
            <response code="403">Forbidden. Authorization error.</response>
            <response code="500">Internal Server Error. The search process ended with error.</response>
        </member>
        <member name="M:Oasp4NetCore.Business.Controller.Controllers.ValuesController.Get">
            <summary>
                Thi method shows the get method
            </summary>
            <returns>A string containing a pair key-Value</returns>
            <response code="201">Account created</response>
            <response code="400">Username already in use</response>
        </member>
        <member name="M:Oasp4NetCore.Business.Controller.Controllers.ValuesController.Get(System.Int32)">
            <summary>
                Deletes a specific TodoItem.
            </summary>
            <param name="id"></param>
        </member>
        <member name="M:Oasp4NetCore.Business.Controller.Controllers.ValuesController.Post(System.String)">
            <summary>
                Creates a TodoItem.
            </summary>
            <remarks>
                Note that the key is a GUID and not an integer.
                POST /Todo
                {
                "key": "0e7ad584-7788-4ab1-95a6-ca0a5b444cbb",
                "name": "Item1",
                "isComplete": true
                }
            </remarks>
            <param name="value"></param>
            <returns>New Created Todo Item</returns>
            <response code="201">Returns the newly created item</response>
            <response code="400">If the item is null</response>
        </member>
        <member name="M:Oasp4NetCore.Business.Controller.Controllers.ValuesController.Delete(System.Int32)">
            <summary>
                Deletes a specific TodoItem.
            </summary>
            <param name="id"></param>
        </member>
    </members>
</doc>
