<?xml version="1.0"?>
<doc>
    <assembly>
        <name>Oasp4Net.Business.CoreViews</name>
    </assembly>
    <members>
        <member name="T:Oasp4Net.Business.CoreViews.Converters.DishConverter">
            <summary>
            
            </summary>
        </member>
        <member name="M:Oasp4Net.Business.CoreViews.Converters.DishConverter.EntityToApi(Oasp4net.DataAccessLayer.Models.Dish)">
            <summary>
            Transforms entity object to view object
            </summary>
            <param name="item">Entity item to be transformed to api view</param>
            <returns>API view</returns>
        </member>
        <member name="P:Oasp4Net.Business.CoreViews.Views.Common.SortByView.Direction">
            <summary>
             ASC for ascending and DESC for descending
            </summary>
        </member>
        <member name="P:Oasp4Net.Business.CoreViews.Views.Dish.DishViewResult.extras">
            <summary>
            Association from DishViewResult [simple] to ExtraView [many]
            </summary>
        </member>
        <member name="P:Oasp4Net.Business.CoreViews.Views.Dish.DishViewResult.categories">
            <summary>
            Association from DishViewResult [simple] to CategoryView [many]
            </summary>
        </member>
        <member name="P:Oasp4Net.Business.CoreViews.Views.Order.OrderLineView.Extras">
            <summary>
            Contains a list with the id of the extra ingredients that have been selected by the client
            </summary>
        </member>
    </members>
</doc>
